"ID","Insulation Type","Postcode","Address1","Address2","Address3","Zipcode","Town","Country","Property Type","Number Of Bedrooms","Approximate Year Of Build","Date Of CWI","Installer","Product Installed","System Designer","Guarantee Provider","Guarantee Number","Date Guarantee Issued","Date Created","Date Updated","Status","Aprraisal Completed","Created by","Approximate build"
"1","EWI","dsdfsdf123asd123asd","dasd","(not set)","(not set)","sdf","asdasd","United Kingdom","4","2","(not set)","2017-07-04 00:00:00","asd1","asd1","asd1","asd1","1231","2017-07-09 00:00:00","2017-07-10 21:43:25","2017-07-10 21:43:25","(not set)","(not set)","(not set)","asdasd"
"2","Not Submitted","(not set)","asdas","(not set)","(not set)","asdas","asd","United Kingdom","(not set)","(not set)","(not set)","(not set)","(not set)","(not set)","(not set)","(not set)","(not set)","(not set)","2017-07-10 23:39:29","2017-07-10 23:39:29","(not set)","(not set)","(not set)","(not set)"
"3","Rejected","(not set)","asd","(not set)","(not set)","asdasd","asd","United Kingdom","(not set)","(not set)","(not set)","(not set)","(not set)","(not set)","(not set)","(not set)","(not set)","(not set)","2017-07-11 18:02:23","2017-07-11 18:02:23","(not set)","(not set)","(not set)","(not set)"
"4","CWI","(not set)","gddf","(not set)","(not set)","df","gdf","United Kingdom","(not set)","(not set)","(not set)","(not set)","(not set)","(not set)","(not set)","(not set)","(not set)","(not set)","2017-07-11 22:30:16","2017-07-11 22:30:16","(not set)","(not set)","(not set)","(not set)"
"5","EWI","(not set)","dasd","(not set)","(not set)","sdas","asda","United Kingdom","(not set)","(not set)","(not set)","(not set)","(not set)","(not set)","(not set)","(not set)","(not set)","(not set)","2017-07-12 00:13:29","2017-07-12 00:13:29","(not set)","(not set)","(not set)","(not set)"
"6","EWI","(not set)","bbb","(not set)","(not set)","nbbb","bbb","United Kingdom","0","23","(not set)","2017-07-11 00:00:00","b","b","b","b","1","2017-07-10 00:00:00","2017-07-12 00:13:49","2017-07-12 00:13:49","(not set)","(not set)","(not set)","bbbb"
"7","CWI","(not set)","asd","(not set)","(not set)","dasd","asd","United Kingdom","End Terrace","123","(not set)","2017-07-10 00:00:00","q","q","q","q","1","2017-07-15 00:00:00","2017-07-12 01:24:00","2017-07-12 01:24:00","(not set)","(not set)","(not set)","asd"
